drop database lms_db;
Create database lms_db;

USE [lms_db]
GO
/****** Object:  Table [dbo].[LMS_BOOK_DETAILS]    Script Date: 01-02-2023 15:17:35 ******/
SET ANSI_NULLS ON
GO
SET QUOTED_IDENTIFIER ON
GO
CREATE TABLE [dbo].[LMS_BOOK_DETAILS](
	[BOOK_CODE] [varchar](10) NOT NULL,
	[BOOK_TITLE] [varchar](50) NOT NULL,
	[CATEGORY] [varchar](15) NOT NULL,
	[AUTHOR] [varchar](30) NOT NULL,
	[PUBLICATION] [varchar](30) NULL,
	[PUBLISH_DATE] [date] NULL,
	[BOOK_EDITION] [int] NULL,
	[PRICE] [decimal](8, 2) NULL,
	[RACK_NUM] [varchar](3) NULL,
	[DATE_ARRIVAL] [date] NOT NULL,
	[SUPPLIER_ID] [varchar](3) NULL,
 CONSTRAINT [LMS_cts4] PRIMARY KEY CLUSTERED 
(
	[BOOK_CODE] ASC
)WITH (PAD_INDEX = OFF, STATISTICS_NORECOMPUTE = OFF, IGNORE_DUP_KEY = OFF, ALLOW_ROW_LOCKS = ON, ALLOW_PAGE_LOCKS = ON, OPTIMIZE_FOR_SEQUENTIAL_KEY = OFF) ON [PRIMARY]
) ON [PRIMARY]
GO
/****** Object:  Table [dbo].[LMS_BOOK_ISSUE]    Script Date: 01-02-2023 15:17:36 ******/
SET ANSI_NULLS ON
GO
SET QUOTED_IDENTIFIER ON
GO
CREATE TABLE [dbo].[LMS_BOOK_ISSUE](
	[BOOK_ISSUE_NO] [int] NOT NULL,
	[MEMBER_ID] [varchar](10) NOT NULL,
	[BOOK_CODE] [varchar](10) NOT NULL,
	[DATE_ISSUE] [date] NOT NULL,
	[DATE_RETURN] [date] NOT NULL,
	[DATE_RETURNED] [date] NULL,
	[FINE_RANGE] [varchar](3) NULL,
 CONSTRAINT [LMS_cts5] PRIMARY KEY CLUSTERED 
(
	[BOOK_ISSUE_NO] ASC
)WITH (PAD_INDEX = OFF, STATISTICS_NORECOMPUTE = OFF, IGNORE_DUP_KEY = OFF, ALLOW_ROW_LOCKS = ON, ALLOW_PAGE_LOCKS = ON, OPTIMIZE_FOR_SEQUENTIAL_KEY = OFF) ON [PRIMARY]
) ON [PRIMARY]
GO
/****** Object:  Table [dbo].[LMS_FINE_DETAILS]    Script Date: 01-02-2023 15:17:36 ******/
SET ANSI_NULLS ON
GO
SET QUOTED_IDENTIFIER ON
GO
CREATE TABLE [dbo].[LMS_FINE_DETAILS](
	[FINE_RANGE] [varchar](3) NOT NULL,
	[FINE_AMOUNT] [decimal](10, 2) NOT NULL,
 CONSTRAINT [LMS_cts3] PRIMARY KEY CLUSTERED 
(
	[FINE_RANGE] ASC
)WITH (PAD_INDEX = OFF, STATISTICS_NORECOMPUTE = OFF, IGNORE_DUP_KEY = OFF, ALLOW_ROW_LOCKS = ON, ALLOW_PAGE_LOCKS = ON, OPTIMIZE_FOR_SEQUENTIAL_KEY = OFF) ON [PRIMARY]
) ON [PRIMARY]
GO
/****** Object:  Table [dbo].[LMS_MEMBERS]    Script Date: 01-02-2023 15:17:36 ******/
SET ANSI_NULLS ON
GO
SET QUOTED_IDENTIFIER ON
GO
CREATE TABLE [dbo].[LMS_MEMBERS](
	[MEMBER_ID] [varchar](10) NOT NULL,
	[MEMBER_NAME] [varchar](30) NOT NULL,
	[CITY] [varchar](20) NULL,
	[DATE_REGISTER] [date] NOT NULL,
	[DATE_EXPIRE] [date] NULL,
	[MEMBERSHIP_STATUS] [varchar](15) NOT NULL,
 CONSTRAINT [LMS_cts1] PRIMARY KEY CLUSTERED 
(
	[MEMBER_ID] ASC
)WITH (PAD_INDEX = OFF, STATISTICS_NORECOMPUTE = OFF, IGNORE_DUP_KEY = OFF, ALLOW_ROW_LOCKS = ON, ALLOW_PAGE_LOCKS = ON, OPTIMIZE_FOR_SEQUENTIAL_KEY = OFF) ON [PRIMARY]
) ON [PRIMARY]
GO
/****** Object:  Table [dbo].[LMS_SUPPLIERS_DETAILS]    Script Date: 01-02-2023 15:17:36 ******/
SET ANSI_NULLS ON
GO
SET QUOTED_IDENTIFIER ON
GO
CREATE TABLE [dbo].[LMS_SUPPLIERS_DETAILS](
	[SUPPLIER_ID] [varchar](3) NOT NULL,
	[SUPPLIER_NAME] [varchar](30) NOT NULL,
	[ADDRESS] [varchar](50) NULL,
	[CONTACT] [bigint] NOT NULL,
	[EMAIL] [varchar](15) NOT NULL,
 CONSTRAINT [LMS_cts2] PRIMARY KEY CLUSTERED 
(
	[SUPPLIER_ID] ASC
)WITH (PAD_INDEX = OFF, STATISTICS_NORECOMPUTE = OFF, IGNORE_DUP_KEY = OFF, ALLOW_ROW_LOCKS = ON, ALLOW_PAGE_LOCKS = ON, OPTIMIZE_FOR_SEQUENTIAL_KEY = OFF) ON [PRIMARY]
) ON [PRIMARY]
GO
INSERT [dbo].[LMS_BOOK_DETAILS] ([BOOK_CODE], [BOOK_TITLE], [CATEGORY], [AUTHOR], [PUBLICATION], [PUBLISH_DATE], [BOOK_EDITION], [PRICE], [RACK_NUM], [DATE_ARRIVAL], [SUPPLIER_ID]) VALUES (N'BL000001', N'Java How To Do Program', N'JAVA', N'Paul J. Deitel', N'Prentice Hall', CAST(N'1999-12-10' AS Date), 6, CAST(600.00 AS Decimal(8, 2)), N'A1', CAST(N'2011-05-10' AS Date), N'S01')
INSERT [dbo].[LMS_BOOK_DETAILS] ([BOOK_CODE], [BOOK_TITLE], [CATEGORY], [AUTHOR], [PUBLICATION], [PUBLISH_DATE], [BOOK_EDITION], [PRICE], [RACK_NUM], [DATE_ARRIVAL], [SUPPLIER_ID]) VALUES (N'BL000002', N'Java: The Complete Reference ', N'JAVA', N'Herbert Schildt', N'Tata Mcgraw Hill ', CAST(N'2011-10-10' AS Date), 5, CAST(750.00 AS Decimal(8, 2)), N'A1', CAST(N'2011-05-10' AS Date), N'S03')
INSERT [dbo].[LMS_BOOK_DETAILS] ([BOOK_CODE], [BOOK_TITLE], [CATEGORY], [AUTHOR], [PUBLICATION], [PUBLISH_DATE], [BOOK_EDITION], [PRICE], [RACK_NUM], [DATE_ARRIVAL], [SUPPLIER_ID]) VALUES (N'BL000003', N'Java How To Do Program', N'JAVA', N'Paul J. Deitel', N'Prentice Hall', CAST(N'1999-05-10' AS Date), 6, CAST(600.00 AS Decimal(8, 2)), N'A1', CAST(N'2012-05-10' AS Date), N'S01')
INSERT [dbo].[LMS_BOOK_DETAILS] ([BOOK_CODE], [BOOK_TITLE], [CATEGORY], [AUTHOR], [PUBLICATION], [PUBLISH_DATE], [BOOK_EDITION], [PRICE], [RACK_NUM], [DATE_ARRIVAL], [SUPPLIER_ID]) VALUES (N'BL000004', N'Java: The Complete Reference ', N'JAVA', N'Herbert Schildt', N'Tata Mcgraw Hill ', CAST(N'2011-10-10' AS Date), 5, CAST(750.00 AS Decimal(8, 2)), N'A1', CAST(N'2012-05-11' AS Date), N'S01')
INSERT [dbo].[LMS_BOOK_DETAILS] ([BOOK_CODE], [BOOK_TITLE], [CATEGORY], [AUTHOR], [PUBLICATION], [PUBLISH_DATE], [BOOK_EDITION], [PRICE], [RACK_NUM], [DATE_ARRIVAL], [SUPPLIER_ID]) VALUES (N'BL000005', N'Java How To Do Program', N'JAVA', N'Paul J. Deitel', N'Prentice Hall', CAST(N'1999-12-10' AS Date), 6, CAST(600.00 AS Decimal(8, 2)), N'A1', CAST(N'2012-05-11' AS Date), N'S01')
INSERT [dbo].[LMS_BOOK_DETAILS] ([BOOK_CODE], [BOOK_TITLE], [CATEGORY], [AUTHOR], [PUBLICATION], [PUBLISH_DATE], [BOOK_EDITION], [PRICE], [RACK_NUM], [DATE_ARRIVAL], [SUPPLIER_ID]) VALUES (N'BL000006', N'Java: The Complete Reference ', N'JAVA', N'Herbert Schildt Paul', N'Tata Mcgraw Hill ', CAST(N'2011-10-10' AS Date), 5, CAST(750.00 AS Decimal(8, 2)), N'A1', CAST(N'2012-05-12' AS Date), N'S03')
INSERT [dbo].[LMS_BOOK_DETAILS] ([BOOK_CODE], [BOOK_TITLE], [CATEGORY], [AUTHOR], [PUBLICATION], [PUBLISH_DATE], [BOOK_EDITION], [PRICE], [RACK_NUM], [DATE_ARRIVAL], [SUPPLIER_ID]) VALUES (N'BL000007', N'Let Us C', N'C', N'Yashavant Kanetkar ', N'BPB Publications', CAST(N'2010-12-11' AS Date), 9, CAST(500.00 AS Decimal(8, 2)), N'A3', CAST(N'2010-11-03' AS Date), N'S03')
INSERT [dbo].[LMS_BOOK_DETAILS] ([BOOK_CODE], [BOOK_TITLE], [CATEGORY], [AUTHOR], [PUBLICATION], [PUBLISH_DATE], [BOOK_EDITION], [PRICE], [RACK_NUM], [DATE_ARRIVAL], [SUPPLIER_ID]) VALUES (N'BL000008', N'Let Us SQL', N'SQL', N'Yashavant Kanetkar ', N'BPB Publications', CAST(N'2010-05-12' AS Date), 9, NULL, NULL, CAST(N'2011-08-09' AS Date), N'S04')
INSERT [dbo].[LMS_BOOK_DETAILS] ([BOOK_CODE], [BOOK_TITLE], [CATEGORY], [AUTHOR], [PUBLICATION], [PUBLISH_DATE], [BOOK_EDITION], [PRICE], [RACK_NUM], [DATE_ARRIVAL], [SUPPLIER_ID]) VALUES (N'BL000009', N'.Net Core', N'.Net', N'Dhivya', N'CloudKampus Publications', CAST(N'2022-07-10' AS Date), 1, CAST(500.00 AS Decimal(8, 2)), N'A2', CAST(N'2022-07-15' AS Date), NULL)
GO
INSERT [dbo].[LMS_BOOK_ISSUE] ([BOOK_ISSUE_NO], [MEMBER_ID], [BOOK_CODE], [DATE_ISSUE], [DATE_RETURN], [DATE_RETURNED], [FINE_RANGE]) VALUES (1, N'LM001', N'BL000001', CAST(N'2012-05-01' AS Date), CAST(N'2012-05-16' AS Date), CAST(N'2012-05-16' AS Date), N'R0')
INSERT [dbo].[LMS_BOOK_ISSUE] ([BOOK_ISSUE_NO], [MEMBER_ID], [BOOK_CODE], [DATE_ISSUE], [DATE_RETURN], [DATE_RETURNED], [FINE_RANGE]) VALUES (2, N'LM002', N'BL000002', CAST(N'2012-05-01' AS Date), CAST(N'2012-05-06' AS Date), CAST(N'2012-05-16' AS Date), N'R2')
INSERT [dbo].[LMS_BOOK_ISSUE] ([BOOK_ISSUE_NO], [MEMBER_ID], [BOOK_CODE], [DATE_ISSUE], [DATE_RETURN], [DATE_RETURNED], [FINE_RANGE]) VALUES (3, N'LM003', N'BL000007', CAST(N'2012-04-01' AS Date), CAST(N'2012-04-16' AS Date), CAST(N'2012-04-20' AS Date), N'R1')
INSERT [dbo].[LMS_BOOK_ISSUE] ([BOOK_ISSUE_NO], [MEMBER_ID], [BOOK_CODE], [DATE_ISSUE], [DATE_RETURN], [DATE_RETURNED], [FINE_RANGE]) VALUES (4, N'LM004', N'BL000005', CAST(N'2012-04-01' AS Date), CAST(N'2012-04-16' AS Date), CAST(N'2012-04-20' AS Date), N'R1')
INSERT [dbo].[LMS_BOOK_ISSUE] ([BOOK_ISSUE_NO], [MEMBER_ID], [BOOK_CODE], [DATE_ISSUE], [DATE_RETURN], [DATE_RETURNED], [FINE_RANGE]) VALUES (5, N'LM005', N'BL000008', CAST(N'2012-03-30' AS Date), CAST(N'2012-04-15' AS Date), CAST(N'2012-04-20' AS Date), N'R1')
INSERT [dbo].[LMS_BOOK_ISSUE] ([BOOK_ISSUE_NO], [MEMBER_ID], [BOOK_CODE], [DATE_ISSUE], [DATE_RETURN], [DATE_RETURNED], [FINE_RANGE]) VALUES (6, N'LM005', N'BL000008', CAST(N'2012-04-20' AS Date), CAST(N'2012-05-05' AS Date), CAST(N'2012-05-05' AS Date), N'R0')
INSERT [dbo].[LMS_BOOK_ISSUE] ([BOOK_ISSUE_NO], [MEMBER_ID], [BOOK_CODE], [DATE_ISSUE], [DATE_RETURN], [DATE_RETURNED], [FINE_RANGE]) VALUES (7, N'LM003', N'BL000007', CAST(N'2012-04-22' AS Date), CAST(N'2012-05-07' AS Date), CAST(N'2012-05-25' AS Date), N'R4')
GO
INSERT [dbo].[LMS_FINE_DETAILS] ([FINE_RANGE], [FINE_AMOUNT]) VALUES (N'R0', CAST(0.00 AS Decimal(10, 2)))
INSERT [dbo].[LMS_FINE_DETAILS] ([FINE_RANGE], [FINE_AMOUNT]) VALUES (N'R1', CAST(20.00 AS Decimal(10, 2)))
INSERT [dbo].[LMS_FINE_DETAILS] ([FINE_RANGE], [FINE_AMOUNT]) VALUES (N'R2', CAST(50.00 AS Decimal(10, 2)))
INSERT [dbo].[LMS_FINE_DETAILS] ([FINE_RANGE], [FINE_AMOUNT]) VALUES (N'R3', CAST(75.00 AS Decimal(10, 2)))
INSERT [dbo].[LMS_FINE_DETAILS] ([FINE_RANGE], [FINE_AMOUNT]) VALUES (N'R4', CAST(100.00 AS Decimal(10, 2)))
INSERT [dbo].[LMS_FINE_DETAILS] ([FINE_RANGE], [FINE_AMOUNT]) VALUES (N'R5', CAST(150.00 AS Decimal(10, 2)))
INSERT [dbo].[LMS_FINE_DETAILS] ([FINE_RANGE], [FINE_AMOUNT]) VALUES (N'R6', CAST(200.00 AS Decimal(10, 2)))
INSERT [dbo].[LMS_FINE_DETAILS] ([FINE_RANGE], [FINE_AMOUNT]) VALUES (N'R7 ', CAST(225.00 AS Decimal(10, 2)))
INSERT [dbo].[LMS_FINE_DETAILS] ([FINE_RANGE], [FINE_AMOUNT]) VALUES (N'R8 ', CAST(250.00 AS Decimal(10, 2)))
GO
INSERT [dbo].[LMS_MEMBERS] ([MEMBER_ID], [MEMBER_NAME], [CITY], [DATE_REGISTER], [DATE_EXPIRE], [MEMBERSHIP_STATUS]) VALUES (N'LM001', N'AMIT', N'CHENNAI', CAST(N'2012-02-12' AS Date), CAST(N'2013-02-11' AS Date), N'Temporary')
INSERT [dbo].[LMS_MEMBERS] ([MEMBER_ID], [MEMBER_NAME], [CITY], [DATE_REGISTER], [DATE_EXPIRE], [MEMBERSHIP_STATUS]) VALUES (N'LM002', N'ABDHUL', N'DELHI', CAST(N'2012-04-10' AS Date), CAST(N'2013-04-09' AS Date), N'Temporary')
INSERT [dbo].[LMS_MEMBERS] ([MEMBER_ID], [MEMBER_NAME], [CITY], [DATE_REGISTER], [DATE_EXPIRE], [MEMBERSHIP_STATUS]) VALUES (N'LM003', N'GAYAN', N'CHENNAI', CAST(N'2012-05-13' AS Date), CAST(N'2013-05-12' AS Date), N'Permanent')
INSERT [dbo].[LMS_MEMBERS] ([MEMBER_ID], [MEMBER_NAME], [CITY], [DATE_REGISTER], [DATE_EXPIRE], [MEMBERSHIP_STATUS]) VALUES (N'LM004', N'RADHA', N'CHENNAI', CAST(N'2012-04-22' AS Date), CAST(N'2013-04-21' AS Date), N'Temporary')
INSERT [dbo].[LMS_MEMBERS] ([MEMBER_ID], [MEMBER_NAME], [CITY], [DATE_REGISTER], [DATE_EXPIRE], [MEMBERSHIP_STATUS]) VALUES (N'LM005', N'GURU', N'BANGALORE', CAST(N'2012-03-30' AS Date), CAST(N'2013-05-16' AS Date), N'Temporary')
INSERT [dbo].[LMS_MEMBERS] ([MEMBER_ID], [MEMBER_NAME], [CITY], [DATE_REGISTER], [DATE_EXPIRE], [MEMBERSHIP_STATUS]) VALUES (N'LM006', N'MOHAN', N'CHENNAI', CAST(N'2012-04-12' AS Date), CAST(N'2013-05-16' AS Date), N'Temporary')
INSERT [dbo].[LMS_MEMBERS] ([MEMBER_ID], [MEMBER_NAME], [CITY], [DATE_REGISTER], [DATE_EXPIRE], [MEMBERSHIP_STATUS]) VALUES (N'LM007', N'Vishnu', N'Hyderbad', CAST(N'2001-01-23' AS Date), CAST(N'2005-01-23' AS Date), N'Permanent')
INSERT [dbo].[LMS_MEMBERS] ([MEMBER_ID], [MEMBER_NAME], [CITY], [DATE_REGISTER], [DATE_EXPIRE], [MEMBERSHIP_STATUS]) VALUES (N'LM008', N'Barga', N'Pune', CAST(N'2016-10-20' AS Date), CAST(N'2017-10-20' AS Date), N'Permanent')
GO
INSERT [dbo].[LMS_SUPPLIERS_DETAILS] ([SUPPLIER_ID], [SUPPLIER_NAME], [ADDRESS], [CONTACT], [EMAIL]) VALUES (N'S01', N'SINGAPORE SHOPPEE', N'CHENNAI', 9894123555, N'sing@gmail.com')
INSERT [dbo].[LMS_SUPPLIERS_DETAILS] ([SUPPLIER_ID], [SUPPLIER_NAME], [ADDRESS], [CONTACT], [EMAIL]) VALUES (N'S02', N'JK Stores', N'MUMBAI', 9940123450, N'jks@yahoo.com')
INSERT [dbo].[LMS_SUPPLIERS_DETAILS] ([SUPPLIER_ID], [SUPPLIER_NAME], [ADDRESS], [CONTACT], [EMAIL]) VALUES (N'S03', N'ROSE BOOK STORE', N'TRIVANDRUM', 9444411222, N'rose@gmail.com')
INSERT [dbo].[LMS_SUPPLIERS_DETAILS] ([SUPPLIER_ID], [SUPPLIER_NAME], [ADDRESS], [CONTACT], [EMAIL]) VALUES (N'S04', N'KAVARI STORE', N'DELHI', 8630001452, N'kavi@redif.com')
INSERT [dbo].[LMS_SUPPLIERS_DETAILS] ([SUPPLIER_ID], [SUPPLIER_NAME], [ADDRESS], [CONTACT], [EMAIL]) VALUES (N'S05', N'EINSTEN BOOK GALLARY', N'US', 9542000001, N'eingal@aol.com')
INSERT [dbo].[LMS_SUPPLIERS_DETAILS] ([SUPPLIER_ID], [SUPPLIER_NAME], [ADDRESS], [CONTACT], [EMAIL]) VALUES (N'S06', N'AKBAR STORE', N'MUMBAI', 7855623100, N'akbakst@aol.com')
GO
/*ALTER TABLE [dbo].[LMS_BOOK_DETAILS]  WITH CHECK ADD  CONSTRAINT [LMS_cts41] FOREIGN KEY([SUPPLIER_ID])
REFERENCES [dbo].[LMS_SUPPLIERS_DETAILS] ([SUPPLIER_ID])
GO
ALTER TABLE [dbo].[LMS_BOOK_DETAILS] CHECK CONSTRAINT [LMS_cts41]
GO
ALTER TABLE [dbo].[LMS_BOOK_ISSUE]  WITH CHECK ADD  CONSTRAINT [LMS_BookDetail] FOREIGN KEY([BOOK_CODE])
REFERENCES [dbo].[LMS_BOOK_DETAILS] ([BOOK_CODE])
GO
ALTER TABLE [dbo].[LMS_BOOK_ISSUE] CHECK CONSTRAINT [LMS_BookDetail]
GO
ALTER TABLE [dbo].[LMS_BOOK_ISSUE]  WITH CHECK ADD  CONSTRAINT [LMS_FineDetail] FOREIGN KEY([FINE_RANGE])
REFERENCES [dbo].[LMS_FINE_DETAILS] ([FINE_RANGE])
GO
ALTER TABLE [dbo].[LMS_BOOK_ISSUE] CHECK CONSTRAINT [LMS_FineDetail]
GO
ALTER TABLE [dbo].[LMS_BOOK_ISSUE]  WITH CHECK ADD  CONSTRAINT [LMS_Mem] FOREIGN KEY([MEMBER_ID])
REFERENCES [dbo].[LMS_MEMBERS] ([MEMBER_ID])
GO
ALTER TABLE [dbo].[LMS_BOOK_ISSUE] CHECK CONSTRAINT [LMS_Mem]
GO
*/
Footer
© 2023 GitHub, Inc.
Footer navigation
Terms
Privacy
Security
Status
Docs
Contact GitHub
Pricing
API
Training
Blog
About

--1.write query to display mem id,mem name,city and membership status
--who having life time membership.hint :life time mem is "permanent"

 select * from LMS_BOOK_DETAILS;
  select * from LMS_BOOK_ISSUE;
 select * from LMS_FINE_DETAILS;
  select * from LMS_MEMBERS;
 select * from LMS_SUPPLIERS_DETAILS;

 SELECT MEMBER_ID,MEMBER_NAME,CITY,MEMBERSHIP_STATUS FROM LMS_MEMBERS
 WHERE MEMBERSHIP_STATUS='permanent';

 --3.QUERY TO DISPLAY MEM ID,MEM NAME WHO HAVE BOOK CODE 'BL000002'

 SELECT MEMBER_ID,MEMBER_NAME FROM LMS_MEMBERS
 WHERE MEMBER_ID IN (SELECT MEMBER_ID FROM LMS_BOOK_ISSUE WHERE BOOK_CODE='BL000002');

 --4.DISPLAY BOOK CODE,BOOK TITLE ,AUTHOR OF BOOKS WHOSE AUTHOR NAME BEGINS WITH 'P'

 SELECT BOOK_CODE,BOOK_TITLE,AUTHOR FROM LMS_BOOK_DETAILS WHERE AUTHOR LIKE 'P%';

 --5.DISPLAY TOTAL NO OF JAVA BOOKS AVAILABLE IN LIBRARY WITH ALIAS NAME 'NO_OF_BOOKS'

  SELECT COUNT(BOOK_CODE) AS 'NO_OF_BOOKS'
  FROM LMS_BOOK_DETAILS 
  WHERE CATEGORY='JAVA'
 --6.DISPLAY CATEGORY,NO OF BOOKS IN EACH CATEGORY WITH ALIAS NAME 'NO_OF_BOOKS'
 SELECT CATEGORY,COUNT(BOOK_CODE) AS 'NO_OF_BOOKS'
 FROM LMS_BOOK_DETAILS
 GROUP BY CATEGORY;

 --7.DISPLAY NO OF BOOKS PUBLISHED BY  "PRENTICE HALL" WITH ALIAS NAME 'NO_OF_BOOKS'
 SELECT COUNT(BOOK_CODE) AS 'NO_OF_BOOKS'
 FROM LMS_BOOK_DETAILS
 WHERE PUBLICATION='Prentice Hall';

 --8.display book code,book title of books which arre issued on date 1st april 2012


  select BOOK_CODE,BOOK_TITLE
  FROM LMS_BOOK_DETAILS
  WHERE BOOK_CODE IN 
  (SELECT BOOK_CODE FROM LMS_BOOK_ISSUE WHERE DATE_ISSUE='2012-04-01');


 --9.DISPLAY MEMBER ID,MEM NAME,DATE REGISTER ,EXPIRE DATE OF MEM WHO REG BEFORE APR 2013 

 SELECT MEMBER_ID,MEMBER_NAME,DATE_REGISTER,DATE_EXPIRE 
 FROM LMS_MEMBERS
 WHERE DATE_EXPIRE<'2013-04-01';

 --10. DISPLAY MEM ID,MEM NAME,DATE REG,MEM STATUS WHO REG BEFORE MARCH 2012 AND MEM STATUS= TEMP.

 SELECT MEMBER_ID,MEMBER_NAME,DATE_REGISTER,MEMBERSHIP_STATUS
 FROM LMS_MEMBERS
 WHERE DATE_REGISTER<='2012-03-31' AND MEMBERSHIP_STATUS='Temporary';

 --11.DISPLAY MEM_ID,MEM NAME WHO BELONGS TO CITY EITHER CHENNAI OR DELHI
  SELECT MEMBER_ID,MEMBER_NAME AS 'NAME'
 FROM LMS_MEMBERS
 WHERE CITY='CHENNAI' OR CITY='DELHI';
 --12.query to concat book title,author
 --in following format
 --ex:'c_is written by yashwant kanetakar'
 -- alias 'book-written_by'
 select CONCAT(BOOK_TITLE,'_is written by ',AUTHOR) AS 'BOOK_WRIITEN_BY'
 FROM LMS_BOOK_DETAILS


--13.DISPLAY AVG PRICE OF BOOKS BELONGS TO 'JAVA' CATEGORY WITH ALIAS NAME 'AVGPRICE'

 SELECT AVG(PRICE) AS 'AVGPRICE'
 FROM LMS_BOOK_DETAILS
 WHERE CATEGORY='JAVA';

 --14.DISPLAY SUPP_ID,SUPP_NAME AND EMAIL OF SUPPLIES WHO HAVING GMAIL ACCOUNT
 
 SELECT SUPPLIER_ID,SUPPLIER_NAME,EMAIL
 FROM LMS_SUPPLIERS_DETAILS
 WHERE EMAIL like '_%gmail.com';

 --16.DISPLAY SUPP ID,SUPP NAME,CONTACT.IF PH NO IS NULL THEN DISPLAY NO ELSE YES WITH ALIAS NAME "PHONENUM AVAILABLE"
 HINT:USE ISNULL.
 select * from LMS_SUPPLIERS_DETAILS;

SELECT SUPPLIER_ID,SUPPLIER_NAME,CONTACT,
CASE WHEN  CONTACT  IS NULL
THEN 'NO' ELSE 'YES' END 'PHONENUM_AVAILABLE'
FROM LMS_SUPPLIERS_DETAILS;
